City NAME,City ,Count ,Lat,Long
Hyderabad,Hyderabad,129,17.3667,78.4667
Pune,Pune,38,18.5204,74.8567
Rajkot,Rajkot,10,22.3039,70.8022
Indore,Indore,9,22.7196,75.8577
Bangalore,Bangalore,80,12.9699,77.598
Hyderabad,Mumbai,101,28.66,77.23
Mumbai,Kolkata,77,22.5726,88.3639
Indore,Delhi,74,28.70406,77.102493
Pune,Chandigarh,46,30.7333,76.7794
Mumbai,Kanpur,4,26.449923,80.331871
Kolkata,Jaipur,47,26.912434,75.78727
Bangalore,Chennai,57,13.0825,80.275
Rajkot,Cape Town,7,-33.92487,18.424055
Kolkata,Port Elizabeth,7,-33.960758,25.62064
Delhi,Durban,15,-29.845409,31.030884
Mumbai,Centurion,12,-25.87,28.17
Bangalore,East London,3,51.500152,-0.126236
Delhi,Johannesburg,8,-26.189948,28.031616
Hyderabad,Kimberley,3,44.271852,-88.340584
Rajkot,Bloemfontein,2,-29.11337,26.223267
Hyderabad,Ahmedabad,12,23.015213,72.592642
Indore,Cuttack,7,20.466256,85.896252
Kolkata,Nagpur,3,21.149693,79.109265
Mumbai,Dharamsala,9,48.088833,16.292667
Pune,Kochi,5,9.931167,76.267061
Rajkot,Visakhapatnam,13,17.723125,83.30795
Kolkata,Raipur,6,21.245494,81.641855
Mumbai,Ranchi,7,23.368675,85.324861
Pune,Abu Dhabi,7,24.488466,54.379623
Bangalore,Sharjah,6,25.309742,55.419038
Kolkata,Mohali,10,30.710596,76.712898
Chandigarh,,,,
Pune,,,,
Rajkot,,,,
Chandigarh,,,,
Hyderabad,,,,
Mumbai,,,,
Pune,,,,
Delhi,,,,
Kolkata,,,,
Delhi,,,,
Bangalore,,,,
Hyderabad,,,,
Delhi,,,,
Bangalore,,,,
Chandigarh,,,,
Hyderabad,,,,
Chandigarh,,,,
Kanpur,,,,
Mumbai,,,,
Delhi,,,,
Kanpur,,,,
Kolkata,,,,
Pune,,,,
Delhi,,,,
Mumbai,,,,
Bangalore,,,,
Bangalore,,,,
Hyderabad,,,,
Bangalore,,,,
Chandigarh,,,,
Delhi,,,,
Mumbai,,,,
Kolkata,,,,
Jaipur,,,,
Hyderabad,,,,
Chennai,,,,
Hyderabad,,,,
Chandigarh,,,,
Bangalore,,,,
Chennai,,,,
Mumbai,,,,
Chandigarh,,,,
Bangalore,,,,
Kolkata,,,,
Delhi,,,,
Hyderabad,,,,
Jaipur,,,,
Chennai,,,,
Hyderabad,,,,
Chandigarh,,,,
Mumbai,,,,
Jaipur,,,,
Bangalore,,,,
Chennai,,,,
Mumbai,,,,
Delhi,,,,
Kolkata,,,,
Jaipur,,,,
Bangalore,,,,
Chennai,,,,
Hyderabad,,,,
Jaipur,,,,
Chandigarh,,,,
Kolkata,,,,
Mumbai,,,,
Chandigarh,,,,
Delhi,,,,
Mumbai,,,,
Delhi,,,,
Jaipur,,,,
Hyderabad,,,,
Kolkata,,,,
Bangalore,,,,
Kolkata,,,,
Mumbai,,,,
Chennai,,,,
Chandigarh,,,,
Delhi,,,,
Chennai,,,,
Bangalore,,,,
Kolkata,,,,
Jaipur,,,,
Hyderabad,,,,
Mumbai,,,,
Mumbai,,,,
Mumbai,,,,
Cape Town,,,,
Cape Town,,,,
Cape Town,,,,
Cape Town,,,,
Port Elizabeth,,,,
Durban,,,,
Cape Town,,,,
Durban,,,,
Cape Town,,,,
Durban,,,,
Durban,,,,
Port Elizabeth,,,,
Cape Town,,,,
Durban,,,,
Port Elizabeth,,,,
Centurion,,,,
Durban,,,,
Durban,,,,
Centurion,,,,
Centurion,,,,
East London,,,,
Durban,,,,
Port Elizabeth,,,,
Johannesburg,,,,
Port Elizabeth,,,,
Johannesburg,,,,
East London,,,,
Durban,,,,
Durban,,,,
Centurion,,,,
Centurion,,,,
Centurion,,,,
East London,,,,
Kimberley,,,,
Kimberley,,,,
Port Elizabeth,,,,
Johannesburg,,,,
Kimberley,,,,
Centurion,,,,
Centurion,,,,
Durban,,,,
Durban,,,,
Durban,,,,
Bloemfontein,,,,
Port Elizabeth,,,,
Johannesburg,,,,
Johannesburg,,,,
Bloemfontein,,,,
Centurion,,,,
Johannesburg,,,,
Durban,,,,
Durban,,,,
Centurion,,,,
Centurion,,,,
Centurion,,,,
Johannesburg,,,,
Johannesburg,,,,
Mumbai,,,,
Mumbai,,,,
Chandigarh,,,,
Kolkata,,,,
Chennai,,,,
Ahmedabad,,,,
Bangalore,,,,
Kolkata,,,,
Delhi,,,,
Bangalore,,,,
Delhi,,,,
Cuttack,,,,
Ahmedabad,,,,
Mumbai,,,,
Cuttack,,,,
Chennai,,,,
Mumbai,,,,
Bangalore,,,,
Chandigarh,,,,
Mumbai,,,,
Ahmedabad,,,,
Chandigarh,,,,
Bangalore,,,,
Ahmedabad,,,,
Mumbai,,,,
Delhi,,,,
Mumbai,,,,
Chennai,,,,
Delhi,,,,
Kolkata,,,,
Chandigarh,,,,
Chennai,,,,
Mumbai,,,,
Kolkata,,,,
Delhi,,,,
Nagpur,,,,
Chennai,,,,
Jaipur,,,,
Kolkata,,,,
Bangalore,,,,
Chandigarh,,,,
Nagpur,,,,
Bangalore,,,,
Delhi,,,,
Jaipur,,,,
Nagpur,,,,
Mumbai,,,,
Chennai,,,,
Jaipur,,,,
Chennai,,,,
Dharamsala,,,,
Bangalore,,,,
Kolkata,,,,
Dharamsala,,,,
Delhi,,,,
Kolkata,,,,
Mumbai,,,,
Mumbai,,,,
Mumbai,,,,
Mumbai,,,,
Chennai,,,,
Hyderabad,,,,
Kochi,,,,
Delhi,,,,
Mumbai,,,,
Kolkata,,,,
Jaipur,,,,
Bangalore,,,,
Chandigarh,,,,
Mumbai,,,,
Hyderabad,,,,
Jaipur,,,,
Mumbai,,,,
Chennai,,,,
Hyderabad,,,,
Mumbai,,,,
Kolkata,,,,
Kochi,,,,
Delhi,,,,
Mumbai,,,,
Kolkata,,,,
Chandigarh,,,,
Mumbai,,,,
Kolkata,,,,
Delhi,,,,
Hyderabad,,,,
Jaipur,,,,
Chennai,,,,
Delhi,,,,
Mumbai,,,,
Kochi,,,,
Delhi,,,,
Jaipur,,,,
Bangalore,,,,
Kochi,,,,
Kolkata,,,,
Jaipur,,,,
Chennai,,,,
Mumbai,,,,
Delhi,,,,
Hyderabad,,,,
Chennai,,,,
Mumbai,,,,
Kochi,,,,
Hyderabad,,,,
Bangalore,,,,
Kolkata,,,,
Mumbai,,,,
Bangalore,,,,
Chandigarh,,,,
Jaipur,,,,
Hyderabad,,,,
Chandigarh,,,,
Jaipur,,,,
Chennai,,,,
Indore,,,,
Bangalore,,,,
Mumbai,,,,
Dharamsala,,,,
Indore,,,,
Mumbai,,,,
Dharamsala,,,,
Chennai,,,,
Mumbai,,,,
Mumbai,,,,
Dharamsala,,,,
Delhi,,,,
Bangalore,,,,
Kolkata,,,,
Mumbai,,,,
Mumbai,,,,
Chennai,,,,
Chennai,,,,
Chennai,,,,
Kolkata,,,,
Mumbai,,,,
Jaipur,,,,
Bangalore,,,,
Visakhapatnam,,,,
Jaipur,,,,
Pune,,,,
Visakhapatnam,,,,
Bangalore,,,,
Delhi,,,,
Mumbai,,,,
Chennai,,,,
Chandigarh,,,,
Kolkata,,,,
Delhi,,,,
Pune,,,,
Kolkata,,,,
Bangalore,,,,
Mumbai,,,,
Jaipur,,,,
Bangalore,,,,
Chandigarh,,,,
Hyderabad,,,,
Chennai,,,,
Chandigarh,,,,
Chennai,,,,
Delhi,,,,
Mumbai,,,,
Cuttack,,,,
Jaipur,,,,
Pune,,,,
Chandigarh,,,,
Pune,,,,
Delhi,,,,
Chennai,,,,
Kolkata,,,,
Delhi,,,,
Mumbai,,,,
Chennai,,,,
Cuttack,,,,
Jaipur,,,,
Bangalore,,,,
Pune,,,,
Chennai,,,,
Kolkata,,,,
Chandigarh,,,,
Mumbai,,,,
Bangalore,,,,
Delhi,,,,
Pune,,,,
Hyderabad,,,,
Mumbai,,,,
Jaipur,,,,
Pune,,,,
Kolkata,,,,
Chennai,,,,
Jaipur,,,,
Chandigarh,,,,
Bangalore,,,,
Kolkata,,,,
Delhi,,,,
Mumbai,,,,
Dharamsala,,,,
Delhi,,,,
Hyderabad,,,,
Dharamsala,,,,
Pune,,,,
Hyderabad,,,,
Jaipur,,,,
Pune,,,,
Bangalore,,,,
Chennai,,,,
Chennai,,,,
Kolkata,,,,
Bangalore,,,,
Hyderabad,,,,
Delhi,,,,
Chennai,,,,
Pune,,,,
Hyderabad,,,,
Jaipur,,,,
Mumbai,,,,
Chandigarh,,,,
Bangalore,,,,
Pune,,,,
Delhi,,,,
Mumbai,,,,
Chennai,,,,
Kolkata,,,,
Jaipur,,,,
Chennai,,,,
Chandigarh,,,,
Bangalore,,,,
Pune,,,,
Jaipur,,,,
Delhi,,,,
Hyderabad,,,,
Kolkata,,,,
Bangalore,,,,
Delhi,,,,
Chandigarh,,,,
Chennai,,,,
Bangalore,,,,
Dharamsala,,,,
Kolkata,,,,
Chennai,,,,
Kolkata,,,,
Jaipur,,,,
Mumbai,,,,
Chennai,,,,
Raipur,,,,
Jaipur,,,,
Mumbai,,,,
Pune,,,,
Hyderabad,,,,
Raipur,,,,
Chennai,,,,
Pune,,,,
Kolkata,,,,
Hyderabad,,,,
Bangalore,,,,
Mumbai,,,,
Jaipur,,,,
Bangalore,,,,
Jaipur,,,,
Mumbai,,,,
Hyderabad,,,,
Chandigarh,,,,
Pune,,,,
Delhi,,,,
Pune,,,,
Chandigarh,,,,
Ranchi,,,,
Jaipur,,,,
Delhi,,,,
Mumbai,,,,
Ranchi,,,,
Chennai,,,,
Mumbai,,,,
Chandigarh,,,,
Hyderabad,,,,
Dharamsala,,,,
Pune,,,,
Bangalore,,,,
Hyderabad,,,,
Delhi,,,,
Delhi,,,,
Kolkata,,,,
Kolkata,,,,
Abu Dhabi,,,,
Sharjah,,,,
Abu Dhabi,,,,
Abu Dhabi,,,,
,,,,
,,,,
Sharjah,,,,
Abu Dhabi,,,,
Sharjah,,,,
,,,,
Sharjah,,,,
,,,,
,,,,
Abu Dhabi,,,,
Abu Dhabi,,,,
Sharjah,,,,
Sharjah,,,,
,,,,
Abu Dhabi,,,,
,,,,
Ranchi,,,,
Mumbai,,,,
Delhi,,,,
Bangalore,,,,
Ahmedabad,,,,
Delhi,,,,
Mumbai,,,,
Delhi,,,,
Cuttack,,,,
Ahmedabad,,,,
Bangalore,,,,
Delhi,,,,
Mumbai,,,,
Cuttack,,,,
Bangalore,,,,
Hyderabad,,,,
Ranchi,,,,
Bangalore,,,,
Hyderabad,,,,
Cuttack,,,,
Ahmedabad,,,,
Ranchi,,,,
Hyderabad,,,,
Ahmedabad,,,,
Delhi,,,,
Hyderabad,,,,
Kolkata,,,,
Chandigarh,,,,
Kolkata,,,,
Ranchi,,,,
Mumbai,,,,
Chandigarh,,,,
Bangalore,,,,
Kolkata,,,,
Chandigarh,,,,
Mumbai,,,,
Kolkata,,,,
Mumbai,,,,
Mumbai,,,,
Bangalore,,,,
Kolkata,,,,
Chennai,,,,
Pune,,,,
Chennai,,,,
Kolkata,,,,
Delhi,,,,
Mumbai,,,,
Bangalore,,,,
Ahmedabad,,,,
Kolkata,,,,
Pune,,,,
Visakhapatnam,,,,
Mumbai,,,,
Visakhapatnam,,,,
Pune,,,,
Ahmedabad,,,,
Bangalore,,,,
Delhi,,,,
Ahmedabad,,,,
Visakhapatnam,,,,
Bangalore,,,,
Delhi,,,,
Ahmedabad,,,,
Mumbai,,,,
Chennai,,,,
Delhi,,,,
Chandigarh,,,,
Kolkata,,,,
Bangalore,,,,
Chennai,,,,
Delhi,,,,
Mumbai,,,,
Bangalore,,,,
Hyderabad,,,,
Chandigarh,,,,
Mumbai,,,,
Chennai,,,,
Kolkata,,,,
Mumbai,,,,
Bangalore,,,,
Mumbai,,,,
Chennai,,,,
Kolkata,,,,
Raipur,,,,
Mumbai,,,,
Chennai,,,,
Hyderabad,,,,
Raipur,,,,
Chandigarh,,,,
Mumbai,,,,
Hyderabad,,,,
Chandigarh,,,,
Mumbai,,,,
Bangalore,,,,
Hyderabad,,,,
Mumbai,,,,
Pune,,,,
Ranchi,,,,
Kolkata,,,,
Mumbai,,,,
Kolkata,,,,
Chandigarh,,,,
Bangalore,,,,
Kolkata,,,,
Rajkot,,,,
Delhi,,,,
Hyderabad,,,,
Mumbai,,,,
Chandigarh,,,,
Bangalore,,,,
Hyderabad,,,,
Chandigarh,,,,
Mumbai,,,,
Rajkot,,,,
Pune,,,,
Delhi,,,,
Hyderabad,,,,
Rajkot,,,,
Pune,,,,
Chandigarh,,,,
Hyderabad,,,,
Delhi,,,,
Mumbai,,,,
Pune,,,,
Delhi,,,,
Hyderabad,,,,
Rajkot,,,,
Pune,,,,
Bangalore,,,,
Rajkot,,,,
Kolkata,,,,
Delhi,,,,
Hyderabad,,,,
Bangalore,,,,
Chandigarh,,,,
Visakhapatnam,,,,
Kolkata,,,,
Chandigarh,,,,
Visakhapatnam,,,,
Bangalore,,,,
Hyderabad,,,,
Visakhapatnam,,,,
Bangalore,,,,
Kolkata,,,,
Chandigarh,,,,
Visakhapatnam,,,,
Kolkata,,,,
Visakhapatnam,,,,
Bangalore,,,,
Kanpur,,,,
Raipur,,,,
Visakhapatnam,,,,
Kanpur,,,,
Kolkata,,,,
Raipur,,,,
Bangalore,,,,
Delhi,,,,
Delhi,,,,
Bangalore,,,,
Mumbai,,,,
Mohali,,,,
Kolkata,,,,
Hyderabad,,,,
Chennai,,,,
Jaipur,,,,
Hyderabad,,,,
Bengaluru,,,,
Mumbai,,,,
Kolkata,,,,
Bengaluru,,,,
Mohali,,,,
Kolkata,,,,
Mumbai,,,,
Jaipur,,,,
Mohali,,,,
Pune,,,,
Kolkata,,,,
Bengaluru,,,,
Hyderabad,,,,
Jaipur,,,,
Delhi,,,,
Mumbai,,,,
Bengaluru,,,,
Hyderabad,,,,
Delhi,,,,
Pune,,,,
Jaipur,,,,
Bengaluru,,,,
Pune,,,,
Bengaluru,,,,
Delhi,,,,
Kolkata,,,,
Indore,,,,
Pune,,,,
Hyderabad,,,,
Mumbai,,,,
Indore,,,,
Hyderabad,,,,
Jaipur,,,,
Kolkata,,,,
Delhi,,,,
Jaipur,,,,
Indore,,,,
Delhi,,,,
Pune,,,,
Mumbai,,,,
Indore,,,,
Kolkata,,,,
Mumbai,,,,
Bengaluru,,,,
Delhi,,,,
Jaipur,,,,
Hyderabad,,,,
Delhi,,,,
Pune,,,,
Mumbai,,,,
Kolkata,,,,
Kolkata,,,,
Mumbai,,,,
Chennai,,,,
Kolkata,,,,
Mumbai,,,,
Jaipur,,,,
Delhi,,,,
Kolkata,,,,
Bengaluru,,,,
Hyderabad,,,,
Mohali,,,,
Delhi,,,,
Hyderabad,,,,
Chennai,,,,
Mohali,,,,
Jaipur,,,,
Mumbai,,,,
Delhi,,,,
Bengaluru,,,,
Chennai,,,,
Hyderabad,,,,
Bengaluru,,,,
Jaipur,,,,
Mohali,,,,
Chennai,,,,
Mumbai,,,,
Jaipur,,,,
Kolkata,,,,
Mumbai,,,,
Mohali,,,,
Kolkata,,,,
Hyderabad,,,,
Mumbai,,,,
Mohali,,,,
Hyderabad,,,,
Delhi,,,,
Kolkata,,,,
Jaipur,,,,
Delhi,,,,
Hyderabad,,,,
Bengaluru,,,,
Jaipur,,,,
Chennai,,,,
Bengaluru,,,,
Kolkata,,,,
Chennai,,,,
Jaipur,,,,
Delhi,,,,
Kolkata,,,,
Hyderabad,,,,
Bengaluru,,,,
Chennai,,,,
Mumbai,,,,
Mohali,,,,
Delhi,,,,
Bengaluru,,,,
Mohali,,,,
Mumbai,,,,
Chennai,,,,
Visakhapatnam,,,,
Visakhapatnam,,,,
Hyderabad,,,,
